Character,Relation,Concept
Mars,contextualizes,httpexampleorgposthumanPostAnthropocentrism
Phil_Resch,linkedTo,httpexampleorgposthumanCyborg_Theory
New_New_York,contextualizes,httpexampleorgposthumanCyborg_Theory
Bryant,strugglesWith,httpexampleorgposthumanCyborg_Theory
Garland,linkedTo,httpexampleorgposthumanAnimal_Ethics
Penfield,linkedTo,httpexampleorgposthumanFeminist_Ethics
Earth,contextualizes,httpexampleorgposthumanCyborg_Theory
J_R_Isidore,linkedTo,httpexampleorgposthumanPostAnthropocentrism
Roy,linkedTo,httpexampleorgposthumanPostAnthropocentrism
San_Francisco,contextualizes,httpexampleorgposthumanPostAnthropocentrism
Titus_Corning,linkedTo,httpexampleorgposthumanCritical_Posthumanism
Earth,contextualizes,httpexampleorgposthumanFeminist_Ethics
Ed,linkedTo,httpexampleorgposthumanAnimal_Ethics
Garland,contextualizes,httpexampleorgposthumanAnimal_Ethics
Rachael_RosenRachael,strugglesWith,httpexampleorgposthumanCyborg_Theory
Sidney,linkedTo,httpexampleorgposthumanCritical_Posthumanism
the_Soviet_Union,contextualizes,httpexampleorgposthumanCybernetic_Enhancement
Seattle,contextualizes,httpexampleorgposthumanCyborg_Theory
Eldon_Rosen,strugglesWith,httpexampleorgposthumanCyborg_Theory
Goodby,linkedTo,httpexampleorgposthumanCyborg_Theory
Hannibal_Sssloat,linkedTo,httpexampleorgposthumanCyborg_Theory
Al_Jarry,linkedTo,httpexampleorgposthumanPosthuman_Ethics
Phil_Resch,linkedTo,httpexampleorgposthumanAnimal_Ethics
Harry_Bryant,linkedTo,httpexampleorgposthumanCyborg_Theory
Max_Polokov,linkedTo,httpexampleorgposthumanCyborg_Theory
Salander,linkedTo,httpexampleorgposthumanCyborg_Theory
Rick_Deckard,strugglesWith,httpexampleorgposthumanAnimal_Ethics
the_Antarctic_Circle,contextualizes,httpexampleorgposthumanCyborg_Theory
Mercer,linkedTo,httpexampleorgposthumanAnimal_Ethics
Eldon_Rosen,strugglesWith,httpexampleorgposthumanAnimal_Ethics
Al_Jarry,linkedTo,httpexampleorgposthumanCritical_Posthumanism
Colorado,contextualizes,httpexampleorgposthumanAnimal_Ethics
Jarry,linkedTo,httpexampleorgposthumanCybernetic_Enhancement
Leningrad,contextualizes,httpexampleorgposthumanCyborg_Theory
Irmgard_Baty,linkedTo,httpexampleorgposthumanCyborg_Theory
Garland,strugglesWith,httpexampleorgposthumanCyborg_Theory
Phil_Resch,strugglesWith,httpexampleorgposthumanAnimal_Ethics
Daly_City,contextualizes,httpexampleorgposthumanCyborg_Theory
Roy,linkedTo,httpexampleorgposthumanCybernetic_Enhancement
Sidney,linkedTo,httpexampleorgposthumanAnimal_Ethics
Deckard,linkedTo,httpexampleorgposthumanAnimal_Ethics
Polokov,linkedTo,httpexampleorgposthumanCritical_Posthumanism
Luba_Luft,strugglesWith,httpexampleorgposthumanPostAnthropocentrism
Dave,linkedTo,httpexampleorgposthumanCyborg_Theory
Polokov,strugglesWith,httpexampleorgposthumanAnimal_Ethics
yearninghe,strugglesWith,httpexampleorgposthumanCyborg_Theory
US,contextualizes,httpexampleorgposthumanPostAnthropocentrism
Baty,contextualizes,httpexampleorgposthumanCyborg_Theory
Iran,contextualizes,httpexampleorgposthumanAnimal_Ethics
Maggie_Klugman,linkedTo,httpexampleorgposthumanPostAnthropocentrism
Garland,strugglesWith,httpexampleorgposthumanPostAnthropocentrism
Deckard,linkedTo,httpexampleorgposthumanCybernetic_Enhancement
Siddons,linkedTo,httpexampleorgposthumanAnimal_Ethics
Roy_Baty,linkedTo,httpexampleorgposthumanAnimal_Ethics
Ed_Smith,linkedTo,httpexampleorgposthumanAnimal_Ethics
the_Bay,contextualizes,httpexampleorgposthumanCyborg_Theory
San_Francisco,contextualizes,httpexampleorgposthumanCritical_Posthumanism
Bryant,linkedTo,httpexampleorgposthumanCyborg_Theory
Barbour,linkedTo,httpexampleorgposthumanAnimal_Ethics
Polokov,linkedTo,httpexampleorgposthumanCyborg_Theory
Penfield,linkedTo,httpexampleorgposthumanCritical_Posthumanism
JR,linkedTo,httpexampleorgposthumanFeminist_Ethics
Washington,contextualizes,httpexampleorgposthumanPostAnthropocentrism
Rick,linkedTo,httpexampleorgposthumanAnimal_Ethics
Mars,contextualizes,httpexampleorgposthumanCyborg_Theory
Dave_Holden,linkedTo,httpexampleorgposthumanAnimal_Ethics
Isidore,linkedTo,httpexampleorgposthumanFeminist_Ethics
Mercer,strugglesWith,httpexampleorgposthumanCyborg_Theory
Rachael,linkedTo,httpexampleorgposthumanCritical_Posthumanism
Wade_Cortot,linkedTo,httpexampleorgposthumanCyborg_Theory
Rachael,strugglesWith,httpexampleorgposthumanAnimal_Ethics
Santa_Claus,strugglesWith,httpexampleorgposthumanPostAnthropocentrism
Proxima,contextualizes,httpexampleorgposthumanCyborg_Theory
Roy,linkedTo,httpexampleorgposthumanCyborg_Theory
Zip_click_zip,linkedTo,httpexampleorgposthumanCritical_Posthumanism
Ackers,linkedTo,httpexampleorgposthumanCyborg_Theory
Amanda_Werner,linkedTo,httpexampleorgposthumanCyborg_Theory
Wilbur_Mercer,linkedTo,httpexampleorgposthumanCritical_Posthumanism
Lisa_Della_Casa,linkedTo,httpexampleorgposthumanCyborg_Theory
Bryant,linkedTo,httpexampleorgposthumanAnimal_Ethics
Roy,linkedTo,httpexampleorgposthumanFeminist_Ethics
Mann,linkedTo,httpexampleorgposthumanPosthuman_Ethics
Penfield,linkedTo,httpexampleorgposthumanCyborg_Theory
Friendly,linkedTo,httpexampleorgposthumanCyborg_Theory
Polokovbetter,linkedTo,httpexampleorgposthumanCyborg_Theory
Donna_Anna,linkedTo,httpexampleorgposthumanCyborg_Theory
Rachael,strugglesWith,httpexampleorgposthumanCybernetic_Enhancement
Rachael_Rosens,strugglesWith,httpexampleorgposthumanCyborg_Theory
Funny,linkedTo,httpexampleorgposthumanAnimal_Ethics
Buster_Friendly,linkedTo,httpexampleorgposthumanCritical_Posthumanism
Rosen,linkedTo,httpexampleorgposthumanCyborg_Theory
Rick_Deckard,linkedTo,httpexampleorgposthumanAnimal_Ethics
Rachael,linkedTo,httpexampleorgposthumanCyborg_Theory
Pris,linkedTo,httpexampleorgposthumanAnimal_Ethics
Tampico,contextualizes,httpexampleorgposthumanAnimal_Ethics
Marsten,strugglesWith,httpexampleorgposthumanCyborg_Theory
Pamina,strugglesWith,httpexampleorgposthumanCyborg_Theory
Garland,strugglesWith,httpexampleorgposthumanPosthuman_Ethics
Rachael_Rosen,linkedTo,httpexampleorgposthumanAnimal_Ethics
Rachael_Rosens,linkedTo,httpexampleorgposthumanCyborg_Theory
Barbour,contextualizes,httpexampleorgposthumanAnimal_Ethics
Wilbur_Mercer,linkedTo,httpexampleorgposthumanCyborg_Theory
Groucho,linkedTo,httpexampleorgposthumanAnimal_Ethics
Jurassic,contextualizes,httpexampleorgposthumanAnimal_Ethics
Luba,contextualizes,httpexampleorgposthumanFeminist_Ethics
Phil_Resch,strugglesWith,httpexampleorgposthumanPostAnthropocentrism
Hitler,linkedTo,httpexampleorgposthumanFeminist_Ethics
Miss_Luft,strugglesWith,httpexampleorgposthumanCyborg_Theory
San_Francisco,contextualizes,httpexampleorgposthumanAnimal_Ethics
the_Sol_System,linkedTo,httpexampleorgposthumanCritical_Posthumanism
Elisabeth_Schwarzkopf,linkedTo,httpexampleorgposthumanCyborg_Theory
Eldon_Rosen,linkedTo,httpexampleorgposthumanCyborg_Theory
vita_incerta,linkedTo,httpexampleorgposthumanCyborg_Theory
Voigt,linkedTo,httpexampleorgposthumanCyborg_Theory
Canada,contextualizes,httpexampleorgposthumanAnimal_Ethics
Garland,contextualizes,httpexampleorgposthumanPosthuman_Ethics
ya,linkedTo,httpexampleorgposthumanPostAnthropocentrism
Buster_Friendly,linkedTo,httpexampleorgposthumanCyborg_Theory
Groucho,contextualizes,httpexampleorgposthumanAnimal_Ethics
Polokov,strugglesWith,httpexampleorgposthumanPostAnthropocentrism
Boneli_ReflexArc_Test,linkedTo,httpexampleorgposthumanAnimal_Ethics
Mercerite,linkedTo,httpexampleorgposthumanCyborg_Theory
Dave_Holdens,linkedTo,httpexampleorgposthumanCyborg_Theory
Miss_Rosen,strugglesWith,httpexampleorgposthumanCyborg_Theory
W4,linkedTo,httpexampleorgposthumanCyborg_Theory
Luba_Lufts,linkedTo,httpexampleorgposthumanCyborg_Theory
Ho_ho,linkedTo,httpexampleorgposthumanCyborg_Theory
Earth,contextualizes,httpexampleorgposthumanAnimal_Ethics
Resch,strugglesWith,httpexampleorgposthumanCyborg_Theory
Don_Giovanni,strugglesWith,httpexampleorgposthumanCyborg_Theory
Pris_Stratton,strugglesWith,httpexampleorgposthumanFeminist_Ethics
However,linkedTo,httpexampleorgposthumanCyborg_Theory
Rachael,linkedTo,httpexampleorgposthumanAnimal_Ethics
Milt,linkedTo,httpexampleorgposthumanCyborg_Theory
Rosen,strugglesWith,httpexampleorgposthumanCyborg_Theory
John_Isidore,linkedTo,httpexampleorgposthumanPostAnthropocentrism
Phil_Resch,linkedTo,httpexampleorgposthumanCybernetic_Enhancement
Wild,linkedTo,httpexampleorgposthumanCyborg_Theory
Hollywood,contextualizes,httpexampleorgposthumanCritical_Posthumanism
Graveson,linkedTo,httpexampleorgposthumanAnimal_Ethics
Seattle,contextualizes,httpexampleorgposthumanAnimal_Ethics
Wilbur_Mercer,linkedTo,httpexampleorgposthumanAnimal_Ethics
Mexico,contextualizes,httpexampleorgposthumanAnimal_Ethics
Deckard,strugglesWith,httpexampleorgposthumanFeminist_Ethics
Earth,contextualizes,httpexampleorgposthumanCybernetic_Enhancement
the_Sol_System,linkedTo,httpexampleorgposthumanFeminist_Ethics
Luba_Luft,strugglesWith,httpexampleorgposthumanCyborg_Theory
Garland,contextualizes,httpexampleorgposthumanCritical_Posthumanism
Eldon_Rosen,linkedTo,httpexampleorgposthumanAnimal_Ethics
Luba_Luft,linkedTo,httpexampleorgposthumanCyborg_Theory
Voigt,linkedTo,httpexampleorgposthumanAnimal_Ethics
Roy_Baty,strugglesWith,httpexampleorgposthumanCyborg_Theory
Horace,linkedTo,httpexampleorgposthumanAnimal_Ethics
Buster,linkedTo,httpexampleorgposthumanCritical_Posthumanism
Luba_Luft,linkedTo,httpexampleorgposthumanFeminist_Ethics
Mercer,linkedTo,httpexampleorgposthumanPosthuman_Ethics
the_Soviet_Union,contextualizes,httpexampleorgposthumanCyborg_Theory
Roy_Baty,strugglesWith,httpexampleorgposthumanFeminist_Ethics
Garland,linkedTo,httpexampleorgposthumanCyborg_Theory
Resch,strugglesWith,httpexampleorgposthumanAnimal_Ethics
Milt,linkedTo,httpexampleorgposthumanAnimal_Ethics
Eldon,strugglesWith,httpexampleorgposthumanCyborg_Theory
Hollywood,contextualizes,httpexampleorgposthumanCyborg_Theory
JR,linkedTo,httpexampleorgposthumanCritical_Posthumanism
Drop,linkedTo,httpexampleorgposthumanCritical_Posthumanism
Garland,linkedTo,httpexampleorgposthumanFeminist_Ethics
Mozart,linkedTo,httpexampleorgposthumanCyborg_Theory
Garland,contextualizes,httpexampleorgposthumanCyborg_Theory
Judy,linkedTo,httpexampleorgposthumanAnimal_Ethics
Hasking,linkedTo,httpexampleorgposthumanFeminist_Ethics
Russia,contextualizes,httpexampleorgposthumanCyborg_Theory
Luba_Luft,strugglesWith,httpexampleorgposthumanAnimal_Ethics
Buster,linkedTo,httpexampleorgposthumanCyborg_Theory
Garland,contextualizes,httpexampleorgposthumanFeminist_Ethics
Rosens,linkedTo,httpexampleorgposthumanCritical_Posthumanism
Luba,contextualizes,httpexampleorgposthumanPosthuman_Ethics
Mercer,linkedTo,httpexampleorgposthumanCritical_Posthumanism
Polokov,strugglesWith,httpexampleorgposthumanCybernetic_Enhancement
Voigt,strugglesWith,httpexampleorgposthumanAnimal_Ethics
Pris,linkedTo,httpexampleorgposthumanPostAnthropocentrism
Iran,contextualizes,httpexampleorgposthumanPosthuman_Ethics
Ann,strugglesWith,httpexampleorgposthumanAnimal_Ethics
Frank,linkedTo,httpexampleorgposthumanAnimal_Ethics
Garland,strugglesWith,httpexampleorgposthumanAnimal_Ethics
Buster,linkedTo,httpexampleorgposthumanFeminist_Ethics
Muhe,linkedTo,httpexampleorgposthumanPostAnthropocentrism
Lurie_Kampff,strugglesWith,httpexampleorgposthumanCybernetic_Enhancement
Phil_Resch,linkedTo,httpexampleorgposthumanFeminist_Ethics
Jesus,linkedTo,httpexampleorgposthumanCyborg_Theory
Isidore,linkedTo,httpexampleorgposthumanCyborg_Theory
Rosens,contextualizes,httpexampleorgposthumanCritical_Posthumanism
Horst,linkedTo,httpexampleorgposthumanPostAnthropocentrism
Mark,linkedTo,httpexampleorgposthumanFeminist_Ethics
Booster,linkedTo,httpexampleorgposthumanCyborg_Theory
Deckard,linkedTo,httpexampleorgposthumanCritical_Posthumanism
Phil_Reschs,strugglesWith,httpexampleorgposthumanCyborg_Theory
New_New_York,contextualizes,httpexampleorgposthumanPostAnthropocentrism
Luba,contextualizes,httpexampleorgposthumanCritical_Posthumanism
Mercer,linkedTo,httpexampleorgposthumanCyborg_Theory
Rick,linkedTo,httpexampleorgposthumanPosthuman_Ethics
Luft,linkedTo,httpexampleorgposthumanCyborg_Theory
Iran,contextualizes,httpexampleorgposthumanCritical_Posthumanism
Earth,contextualizes,httpexampleorgposthumanPostAnthropocentrism
Dave,linkedTo,httpexampleorgposthumanCybernetic_Enhancement
Deckard,strugglesWith,httpexampleorgposthumanPosthuman_Ethics
Al_Jarry,linkedTo,httpexampleorgposthumanCybernetic_Enhancement
Mercer,linkedTo,httpexampleorgposthumanFeminist_Ethics
Manx,linkedTo,httpexampleorgposthumanAnimal_Ethics
John_Isidore,linkedTo,httpexampleorgposthumanCritical_Posthumanism
Rosens,contextualizes,httpexampleorgposthumanCyborg_Theory
vid,linkedTo,httpexampleorgposthumanCyborg_Theory
Phil_Resch,strugglesWith,httpexampleorgposthumanCyborg_Theory
Miss_Luft,linkedTo,httpexampleorgposthumanCritical_Posthumanism
Oakes,linkedTo,httpexampleorgposthumanAnimal_Ethics
Polokov,linkedTo,httpexampleorgposthumanAnimal_Ethics
Jesus,linkedTo,httpexampleorgposthumanAnimal_Ethics
Isidore,linkedTo,httpexampleorgposthumanAnimal_Ethics
New_England,contextualizes,httpexampleorgposthumanAnimal_Ethics
Hannibal_Sloat,linkedTo,httpexampleorgposthumanCyborg_Theory
Max_Polokov,linkedTo,httpexampleorgposthumanFeminist_Ethics
Sidney,linkedTo,httpexampleorgposthumanCyborg_Theory
the_Western_Hemisphere,contextualizes,httpexampleorgposthumanCybernetic_Enhancement
Deckard,linkedTo,httpexampleorgposthumanCyborg_Theory
Pris_Stratton,linkedTo,httpexampleorgposthumanCritical_Posthumanism
Horst_Hartman,linkedTo,httpexampleorgposthumanPostAnthropocentrism
Luba,contextualizes,httpexampleorgposthumanCyborg_Theory
Polokov,strugglesWith,httpexampleorgposthumanCyborg_Theory
Rick,linkedTo,httpexampleorgposthumanCritical_Posthumanism
Phil_Reschs,strugglesWith,httpexampleorgposthumanAnimal_Ethics
Deckard,linkedTo,httpexampleorgposthumanFeminist_Ethics
Harry,strugglesWith,httpexampleorgposthumanCybernetic_Enhancement
Keerist,linkedTo,httpexampleorgposthumanCyborg_Theory
Holden,linkedTo,httpexampleorgposthumanCyborg_Theory
Proxima,contextualizes,httpexampleorgposthumanAnimal_Ethics
Harry_Bryants,strugglesWith,httpexampleorgposthumanCyborg_Theory
John_Isidore,linkedTo,httpexampleorgposthumanCyborg_Theory
Mars,contextualizes,httpexampleorgposthumanCybernetic_Enhancement
Roy_Baty,linkedTo,httpexampleorgposthumanCyborg_Theory
Miss_Luft,linkedTo,httpexampleorgposthumanCyborg_Theory
Iran,contextualizes,httpexampleorgposthumanFeminist_Ethics
Rick,strugglesWith,httpexampleorgposthumanCyborg_Theory
Cora_Mercer,linkedTo,httpexampleorgposthumanAnimal_Ethics
Rosens,contextualizes,httpexampleorgposthumanAnimal_Ethics
Suspends,strugglesWith,httpexampleorgposthumanCyborg_Theory
George_Gleason,linkedTo,httpexampleorgposthumanCritical_Posthumanism
Baty,strugglesWith,httpexampleorgposthumanCyborg_Theory
Resch,linkedTo,httpexampleorgposthumanAnimal_Ethics
Northern_California,contextualizes,httpexampleorgposthumanAnimal_Ethics
Pris_Stratton,linkedTo,httpexampleorgposthumanCyborg_Theory
Hannibal_Sloat,linkedTo,httpexampleorgposthumanAnimal_Ethics
San_Francisco,contextualizes,httpexampleorgposthumanCybernetic_Enhancement
Irmgard_Baty,linkedTo,httpexampleorgposthumanFeminist_Ethics
Dave,strugglesWith,httpexampleorgposthumanCyborg_Theory
Rick,linkedTo,httpexampleorgposthumanCyborg_Theory
Don_Giovanni,linkedTo,httpexampleorgposthumanCyborg_Theory
Sloat,linkedTo,httpexampleorgposthumanCyborg_Theory
Dave_Holden,linkedTo,httpexampleorgposthumanCyborg_Theory
Luba,contextualizes,httpexampleorgposthumanAnimal_Ethics
Phil_Resch,linkedTo,httpexampleorgposthumanPosthuman_Ethics
Salander_3,strugglesWith,httpexampleorgposthumanAnimal_Ethics
Deckard,strugglesWith,httpexampleorgposthumanCyborg_Theory
Rick_Deckard,linkedTo,httpexampleorgposthumanCritical_Posthumanism
Rick,linkedTo,httpexampleorgposthumanFeminist_Ethics
Pris,linkedTo,httpexampleorgposthumanCritical_Posthumanism
Rachael,strugglesWith,httpexampleorgposthumanCyborg_Theory
John_Isidore,linkedTo,httpexampleorgposthumanAnimal_Ethics
Rachael,linkedTo,httpexampleorgposthumanCybernetic_Enhancement
Rick,strugglesWith,httpexampleorgposthumanAnimal_Ethics
the_United_States,contextualizes,httpexampleorgposthumanCyborg_Theory
East_Harmony,contextualizes,httpexampleorgposthumanCybernetic_Enhancement
Milt_Borogrove,linkedTo,httpexampleorgposthumanAnimal_Ethics
Seattle,contextualizes,httpexampleorgposthumanCybernetic_Enhancement
Gitchel,linkedTo,httpexampleorgposthumanCyborg_Theory
Wyoming,contextualizes,httpexampleorgposthumanAnimal_Ethics
Pilsen,linkedTo,httpexampleorgposthumanAnimal_Ethics
Eldon_Rosen,strugglesWith,httpexampleorgposthumanPosthuman_Ethics
Bryant,linkedTo,httpexampleorgposthumanFeminist_Ethics
Phil_Resch,linkedTo,httpexampleorgposthumanCritical_Posthumanism
Klugman,linkedTo,httpexampleorgposthumanPostAnthropocentrism
Rick_Deckard,linkedTo,httpexampleorgposthumanCyborg_Theory
Sloat,linkedTo,httpexampleorgposthumanAnimal_Ethics
Indiana,contextualizes,httpexampleorgposthumanCybernetic_Enhancement
Voigt,linkedTo,httpexampleorgposthumanCybernetic_Enhancement
Eldon,linkedTo,httpexampleorgposthumanCyborg_Theory
Pris,linkedTo,httpexampleorgposthumanCyborg_Theory
Deckard,strugglesWith,httpexampleorgposthumanAnimal_Ethics
Earth,contextualizes,httpexampleorgposthumanCritical_Posthumanism
New_America,contextualizes,httpexampleorgposthumanPostAnthropocentrism
Mars,contextualizes,httpexampleorgposthumanFeminist_Ethics
Rachael_Rosen,linkedTo,httpexampleorgposthumanCyborg_Theory
Pris,linkedTo,httpexampleorgposthumanFeminist_Ethics
Sloat,contextualizes,httpexampleorgposthumanAnimal_Ethics
Lotte_Lehmann,linkedTo,httpexampleorgposthumanCyborg_Theory
Miss_Rosen,linkedTo,httpexampleorgposthumanCyborg_Theory
J_R_Isidore,linkedTo,httpexampleorgposthumanFeminist_Ethics
Luba_Luft,linkedTo,httpexampleorgposthumanAnimal_Ethics
