Concept 1,Relation,Concept 2
Posthuman_Subjectivity,relatedTo,Posthumanism
PostAnthropocentrism,relatedTo,PostAnthropocentrism
Posthuman_Subjectivity,relatedTo,Posthuman_Subjectivity
Cognitive_Computing,relatedTo,Posthuman_Subjectivity
Posthumanism,relatedTo,PostAnthropocentrism
Cyborg_Theory,relatedTo,Cyborg_Theory
Posthumanism,relatedTo,Critical_Posthumanism
PostAnthropocentrism,extends,Critical_Posthumanism
Feminist_Ethics,relatedTo,Posthumanism
Posthuman_Animality,relatedTo,PostAnthropocentrism
Posthuman_Subjectivity,relatedTo,PostAnthropocentrism
Posthumanism,relatedTo,Posthuman_Ethics
Posthuman_Subjectivity,relatedTo,Critical_Posthumanism
Posthuman_Ethics,relatedTo,Posthuman_Ethics
Cyborg_Theory,relatedTo,Posthumanism
PostAnthropocentrism,relatedTo,Posthumanism
Cybernetic_Enhancement,relatedTo,Cybernetic_Enhancement
Cyborg_Theory,relatedTo,Cybernetic_Enhancement
Biopolitics,relatedTo,Posthumanism
Posthumanism,relatedTo,Posthumanism
PostAnthropocentrism,criticizes,PostAnthropocentrism
Posthuman_Ethics,relatedTo,Posthuman_Animality
Posthuman_Ethics,relatedTo,Posthumanism
Cybernetic_Enhancement,relatedTo,Cyborg_Theory
